"ENSTNIP00000003705_Tnig/1-130","ENSPFOP00000010153_Pfor/1-127","ENSGACP00000021837_Gacu/1-128","ENSACIP00000022804_Acit/1-127","ENSMZEP00005026340_Mzeb/1-127","ENSACLP00000010279_Acal/1-127","ENSORLP00000027365_Olat/1-152","ENSSPAP00000004484_Spar/1-127","ENSCVAP00000016505_Cvar/1-127","ENSAOCP00000020398_Aoce/1-127","ENSOMEP00000007273_Omel/1-143","ENSAPEP00000023293_Aper/1-127","ENSPNYP00000010942_Pnye/1-127","ENSNBRP00000010506_Nbri/1-117","ENSXMAP00000022474_Xmac/1-127","ENSEEEP00000000828_Eele/1-145","ENSLBEP00000024445_Lber/1-123","ENSPREP00000025042_Pret/1-149","ENSHBUP00000032315_Hbur/1-127","ENSAMXP00000052549_Amex/1-128","ENSPLAP00000024628_Plat/1-127","ENSPNAP00000019464_Pnat/1-128","ENSSLDP00000009547_Sldo/1-127","ENSPKIP00000022156_Pkin/1-141","ENSSDUP00000021691_Sdum/1-127","ENSMICP00000021793_Mmur/1-120","ENSHHUP00000067835_Hhuc/1-109","ENSHHUP00000052423_Hhuc/1-110","ENSCSEP00000031103_Csem/1-127","ENSAPOP00000016663_Apol/1-127","ENSKMAP00000020457_Kmar/1-124","ENSLCAP00010012551_Lcal/1-127","ENSCLMP00005021903_Clum/1-101","ENSSLUP00000012506_Sluc/1-124","ENSOKIP00005078852_Okis/1-130","ENSOKIP00005013617_Okis/1-227","ENSTRUP00000051162_Trub/1-168","ENSLCRP00005004647_Lcro/1-255","ENSECRP00000004895_Ecal/1-139","ENSCGOP00000046274_Cgob/1-143","ENSSAUP00010024640_Saur/1-127","ENSCDRP00005022458_Cdro/1-109","ENSOSIP00000033199_Osin/1-169","ENSDCDP00000020260_Dclu/1-130","ENSONIP00000018830_Onil/1-127","ENSSTUP00000032565_Stru/1-110","ENSSFOP00015015665_Sfor/1-135","ENSSTUP00000008095_Stru/1-106","ENSCHAP00000019186_Char/1-129","ENSBSLP00000007613_Bspl/1-195","ENSOJAP00000012568_Ojav/1-127","ENSMMDP00005032976_Mmur/1-127","ENSOTSP00005051819_Otsh/1-130","ENSELUP00000057656_Eluc/1-161","ENSOTSP00005073494_Otsh/1-227","ENSMAMP00000021356_Marm/1-130","ENSATEP00000024484_Ates/1-127","ENSGMOP00000043229_Gmor/1-192","ENSSMAP00000008710_Smax/1-127","ENSSSAP00000006403_Ssal/1-109","ENSOMYP00000114747_Omyk/1-228","ENSDLAP00005075182_Dlab/1-126","ENSOMYP00000124671_Omyk/1-164","ENSSSAP00000049788_Ssal/1-111","A","G","I","L","P","V","F","W","Y","D","E","R","H","K","S","T","C","M","N","Q"
"M","M","M","M","M","M","M","M","M","M","M","M","M","M","M","M","M","M","M","M","M","M","M","M","M","M","M","M","M","M","M","M","M","M","M","M","M","M","M","M","M","M","M","M","M","M","M","M","M","M","M","M","M","M","M","M","M","M","M","M","M","M","M","M",0,0,0,0,0,0,0,0,0,0,0,0,0,0,0,0,0,64,0,0
"D","D","D","D","D","D","D","D","D","E","D","E","D","D","D","D","D","D","D","D","D","D","D","D","D","D","D","D","D","E","D","D","D","D","D","D","D","D","D","D","E","D","D","D","D","D","D","D","D","D","D","D","D","D","D","D","D","D","E","D","D","D","D","D",0,0,0,0,0,0,0,0,0,59,5,0,0,0,0,0,0,0,0,0
"A","A","A","A","A","A","A","M","A","G","A","G","A","A","A","V","S","A","A","M","A","V","A","A","A","I","A","A","A","G","A","V","A","A","A","A","A","T","V","T","S","V","A","V","A","A","A","A","V","A","A","A","A","A","A","A","A","V","A","A","A","T","A","A",45,3,1,0,0,8,0,0,0,0,0,0,0,0,2,3,0,2,0,0
"L","L","F","L","L","L","L","I","L","F","L","F","L","L","L","L","L","L","L","L","L","L","F","L","F","F","L","L","F","F","L","F","F","F","L","L","F","F","L","L","I","F","L","L","L","L","L","L","F","L","L","F","L","L","L","L","L","F","F","L","L","F","L","L",0,0,2,43,0,0,19,0,0,0,0,0,0,0,0,0,0,0,0,0
"M","M","K","M","M","M","M","K","M","M","M","M","M","M","M","M","M","M","M","K","M","K","M","M","M","K","M","M","K","M","M","K","K","M","M","I","M","I","M","L","M","M","M","M","M","M","M","I","K","M","M","M","M","M","I","M","M","L","K","I","M","M","M","M",0,0,5,2,0,0,0,0,0,0,0,0,0,10,0,0,0,47,0,0
"K","K","K","K","K","K","K","K","K","K","K","K","K","K","K","K","K","K","K","K","K","K","K","K","K","K","K","K","K","K","K","K","K","K","K","K","K","K","K","K","K","E","K","K","K","K","K","K","K","K","K","K","K","K","K","K","K","K","K","K","K","K","K","K",0,0,0,0,0,0,0,0,0,0,1,0,0,63,0,0,0,0,0,0
"G","G","G","G","G","G","G","S","G","G","G","G","G","G","G","G","G","G","G","G","G","G","G","G","G","G","G","G","G","G","G","S","G","G","G","G","G","G","G","G","G","G","G","G","G","G","G","G","G","G","G","G","G","G","G","G","G","G","G","G","G","G","G","G",0,62,0,0,0,0,0,0,0,0,0,0,0,0,2,0,0,0,0,0
"F","F","F","F","F","F","F","L","F","L","F","L","F","F","F","L","L","F","F","L","F","L","F","F","F","L","F","F","F","L","F","L","F","F","F","F","F","F","L","L","F","L","F","L","F","F","F","F","F","F","F","F","F","F","F","F","F","I","F","F","F","F","F","F",0,0,1,14,0,0,49,0,0,0,0,0,0,0,0,0,0,0,0,0
"S","S","S","S","S","S","S","T","S","S","T","S","S","S","S","S","Y","S","S","S","S","S","S","S","S","S","S","S","S","S","S","S","S","S","S","S","S","S","S","S","S","S","S","S","S","S","S","S","S","S","S","S","S","S","S","S","S","S","S","S","S","S","S","S",0,0,0,0,0,0,0,0,1,0,0,0,0,0,61,2,0,0,0,0
"K","K","K","K","K","K","K","K","K","K","K","K","K","K","K","K","R","K","K","K","R","K","K","K","K","K","K","K","K","K","K","K","K","K","K","K","K","K","K","K","K","K","K","K","K","K","K","K","K","K","K","K","K","K","K","K","K","R","M","K","K","K","K","K",0,0,0,0,0,0,0,0,0,0,0,3,0,60,0,0,0,1,0,0
"A","A","A","A","A","A","A","A","A","A","A","A","A","A","A","A","A","A","A","A","A","A","A","A","A","A","A","A","A","A","A","A","A","A","A","A","A","A","A","A","A","A","A","A","A","A","A","A","A","A","A","A","A","A","A","A","A","A","A","A","A","A","A","A",64,0,0,0,0,0,0,0,0,0,0,0,0,0,0,0,0,0,0,0
"K","K","R","K","K","K","K","K","K","K","K","K","K","K","K","K","K","K","K","K","K","K","K","K","K","K","K","K","K","K","K","K","R","R","K","K","K","K","K","K","K","K","K","K","K","K","K","K","K","K","K","K","K","K","K","K","K","K","R","K","K","K","K","K",0,0,0,0,0,0,0,0,0,0,0,4,0,60,0,0,0,0,0,0
"D","D","D","D","D","D","D","D","D","D","D","D","D","D","D","D","D","D","D","D","D","D","D","D","D","K","D","D","D","D","D","D","D","D","D","D","D","E","E","D","E","-","D","D","D","D","D","D","D","D","D","E","D","D","D","D","D","D","E","D","D","D","D","D",0,0,0,0,0,0,0,0,0,57,5,0,0,1,0,0,0,0,0,0
"G","G","G","G","G","G","G","G","G","G","G","G","G","G","G","G","G","G","G","G","G","G","G","G","G","G","G","G","G","G","G","G","G","G","G","G","G","G","G","G","G","G","G","G","G","G","G","G","G","G","G","G","G","G","G","G","G","G","G","G","G","G","G","G",0,64,0,0,0,0,0,0,0,0,0,0,0,0,0,0,0,0,0,0
"V","V","V","V","V","V","V","V","V","V","V","V","V","V","V","V","V","V","V","V","V","V","V","V","V","V","V","V","V","V","V","V","V","V","V","V","V","V","V","V","V","V","V","V","V","V","V","I","V","V","V","V","V","V","V","V","V","V","V","V","V","V","V","V",0,0,1,0,0,63,0,0,0,0,0,0,0,0,0,0,0,0,0,0
"V","V","A","V","V","V","V","V","V","V","V","V","V","V","V","A","A","V","V","T","V","A","V","V","V","V","V","V","V","V","V","V","V","V","A","V","V","V","V","V","V","V","V","V","V","V","V","V","V","V","V","A","A","V","V","V","V","V","A","V","V","V","A","V",9,0,0,0,0,54,0,0,0,0,0,0,0,0,0,1,0,0,0,0
"A","A","A","A","A","A","A","L","A","A","A","A","A","A","A","T","A","A","A","L","A","L","A","A","A","A","A","A","A","A","A","A","A","A","A","A","A","A","A","A","A","T","A","A","A","A","A","A","F","A","A","A","A","A","A","A","A","A","A","A","A","A","A","A",58,0,0,3,0,0,1,0,0,0,0,0,0,0,0,2,0,0,0,0
"A","A","V","A","A","A","A","A","A","V","A","V","A","A","A","A","A","A","A","A","A","A","A","A","A","A","A","A","A","V","A","A","A","A","A","A","A","A","A","A","A","A","A","A","A","A","A","A","A","A","A","A","A","A","A","A","A","A","A","A","A","A","A","A",60,0,0,0,0,4,0,0,0,0,0,0,0,0,0,0,0,0,0,0
"A","A","A","A","A","A","A","A","A","A","A","A","A","A","A","A","A","A","A","A","A","A","A","A","A","A","A","A","A","A","A","A","A","A","A","A","A","A","A","A","A","A","A","A","A","A","A","A","A","A","A","A","A","A","A","A","A","A","A","A","A","A","A","A",64,0,0,0,0,0,0,0,0,0,0,0,0,0,0,0,0,0,0,0
"E","E","E","E","E","E","E","E","E","E","E","E","E","E","E","E","E","E","E","E","E","E","E","E","E","E","E","E","E","E","E","E","E","E","E","E","E","E","E","E","E","E","E","E","E","E","E","E","E","E","E","E","E","E","E","E","E","E","E","E","E","E","E","E",0,0,0,0,0,0,0,0,0,0,64,0,0,0,0,0,0,0,0,0
"K","K","K","K","K","K","K","K","K","K","K","K","K","K","K","K","K","K","K","K","K","K","K","K","K","K","K","K","K","K","K","K","K","K","K","K","K","K","K","K","K","K","K","K","K","K","K","K","K","K","K","K","K","M","K","K","K","K","K","K","K","K","K","K",0,0,0,0,0,0,0,0,0,0,0,0,0,63,0,0,0,1,0,0
"T","T","T","T","T","T","T","T","T","T","T","T","T","T","T","T","T","T","T","T","T","T","T","T","T","T","T","T","T","T","T","T","T","T","T","T","T","T","T","T","T","T","T","T","T","T","T","T","T","T","T","T","T","T","T","T","T","T","T","T","T","T","T","T",0,0,0,0,0,0,0,0,0,0,0,0,0,0,0,64,0,0,0,0
"K","K","K","K","K","K","K","K","K","K","K","K","K","K","K","K","K","K","K","K","K","K","K","K","K","K","K","K","K","K","K","K","K","K","K","K","K","K","K","K","K","K","K","K","K","K","K","K","K","K","K","K","K","K","K","K","K","K","K","K","K","K","K","K",0,0,0,0,0,0,0,0,0,0,0,0,0,64,0,0,0,0,0,0
"Q","Q","Q","Q","Q","Q","Q","Q","Q","Q","Q","Q","Q","Q","Q","Q","Q","Q","Q","Q","Q","Q","Q","Q","Q","Q","Q","Q","L","Q","Q","Q","Q","Q","Q","Q","Q","Q","Q","Q","Q","Q","Q","Q","Q","Q","Q","Q","Q","Q","Q","Q","Q","Q","Q","Q","Q","Q","Q","Q","Q","Q","Q","Q",0,0,0,1,0,0,0,0,0,0,0,0,0,0,0,0,0,0,0,63
"G","G","G","G","G","G","G","G","G","G","G","G","G","G","G","G","G","G","G","G","G","G","G","G","G","G","G","G","G","G","G","G","G","G","G","G","G","G","G","G","G","G","G","G","G","G","G","G","G","G","G","G","G","G","G","G","G","G","G","G","G","G","G","G",0,64,0,0,0,0,0,0,0,0,0,0,0,0,0,0,0,0,0,0
"V","V","V","V","V","V","V","V","V","V","V","V","V","V","V","V","M","V","V","V","V","V","V","V","V","V","V","V","V","V","V","V","V","V","V","V","V","V","V","V","V","V","V","V","V","V","V","V","V","V","V","V","V","V","V","V","V","V","V","V","V","V","V","V",0,0,0,0,0,63,0,0,0,0,0,0,0,0,0,0,0,1,0,0
"T","T","T","T","T","T","T","S","T","T","T","T","T","T","T","T","T","T","T","T","T","T","T","S","T","A","T","T","T","T","S","T","T","T","T","T","T","T","A","T","T","A","T","T","T","T","S","T","T","T","T","T","T","T","T","S","T","T","T","T","T","T","T","T",3,0,0,0,0,0,0,0,0,0,0,0,0,0,5,56,0,0,0,0
"G","G","G","G","G","G","G","G","G","G","G","G","G","G","G","G","G","G","G","G","G","G","G","E","G","E","G","G","G","G","G","G","G","G","G","G","G","G","E","G","G","E","G","G","G","G","E","G","G","G","G","G","G","G","G","G","G","G","G","G","G","G","G","G",0,59,0,0,0,0,0,0,0,0,5,0,0,0,0,0,0,0,0,0
"A","A","A","A","A","A","A","A","A","A","A","A","A","A","A","A","A","A","A","A","A","A","A","A","A","A","A","A","A","A","A","A","A","A","A","A","A","A","A","A","A","A","A","A","A","A","A","A","A","A","A","A","A","A","A","A","A","A","A","A","A","A","A","A",64,0,0,0,0,0,0,0,0,0,0,0,0,0,0,0,0,0,0,0
"A","A","A","A","A","A","A","A","A","A","A","A","A","A","A","A","A","A","A","A","A","A","A","A","A","A","A","A","A","A","A","A","A","A","A","A","A","A","A","A","A","A","A","A","A","A","A","A","A","A","A","A","A","A","A","A","A","A","A","A","A","A","A","A",64,0,0,0,0,0,0,0,0,0,0,0,0,0,0,0,0,0,0,0
"E","E","E","E","E","E","E","E","E","E","E","E","E","E","E","G","E","E","E","G","E","G","E","E","E","G","E","E","E","G","E","E","E","E","E","E","E","E","G","E","E","G","E","E","E","E","G","E","G","G","E","E","E","E","E","E","E","E","E","E","E","E","E","E",0,10,0,0,0,0,0,0,0,0,54,0,0,0,0,0,0,0,0,0
"M","M","M","M","M","M","M","M","M","M","M","M","M","M","M","M","M","M","M","M","M","M","M","K","M","K","M","M","M","M","M","M","M","M","M","M","M","M","K","M","M","K","M","M","M","M","K","M","M","M","M","K","M","M","M","M","M","M","M","M","M","M","M","M",0,0,0,0,0,0,0,0,0,0,0,0,0,6,0,0,0,58,0,0
"T","T","T","T","T","T","T","T","T","T","T","T","T","T","T","T","T","T","T","T","T","T","T","T","T","T","T","T","T","T","T","T","T","T","T","T","T","T","T","T","T","T","T","T","T","T","T","T","T","T","T","T","T","T","T","T","T","T","T","T","T","T","T","T",0,0,0,0,0,0,0,0,0,0,0,0,0,0,0,64,0,0,0,0
"K","K","K","K","K","K","K","K","K","K","K","K","K","K","K","K","R","K","K","K","K","K","K","K","K","K","K","K","K","K","K","K","K","K","K","K","K","K","K","K","K","K","K","K","K","K","K","K","K","K","K","K","K","K","K","K","K","K","K","K","K","K","K","K",0,0,0,0,0,0,0,0,0,0,0,1,0,63,0,0,0,0,0,0
"D","D","D","D","D","D","D","D","D","D","D","D","D","D","D","D","D","D","D","H","D","H","D","E","D","E","D","D","D","D","D","D","D","D","G","G","D","D","E","D","D","E","D","D","D","D","E","E","D","D","D","D","G","D","G","D","D","D","D","D","G","D","G","D",0,6,0,0,0,0,0,0,0,50,6,0,2,0,0,0,0,0,0,0
"G","G","G","G","G","G","G","G","G","G","G","G","G","G","G","G","G","G","G","G","G","G","G","G","G","G","G","G","G","G","G","G","G","G","G","G","G","G","G","G","G","G","G","G","G","G","G","G","G","G","G","G","G","G","G","G","G","G","G","G","G","G","G","G",0,64,0,0,0,0,0,0,0,0,0,0,0,0,0,0,0,0,0,0
"V","V","V","V","V","V","V","V","V","V","V","V","V","V","V","V","V","V","V","V","V","V","V","V","V","-","V","V","V","V","V","V","V","V","V","V","V","V","V","V","V","V","V","V","V","V","V","V","V","V","V","V","V","V","V","V","V","V","V","V","V","V","V","V",0,0,0,0,0,63,0,0,0,0,0,0,0,0,0,0,0,0,0,0
"M","M","M","M","M","M","M","M","M","M","M","M","M","M","M","L","K","M","M","I","M","I","M","I","M","-","I","I","M","M","M","M","K","M","I","I","M","M","M","M","M","L","M","L","M","I","I","I","I","M","M","M","I","I","I","M","M","I","M","I","I","M","I","I",0,0,19,3,0,0,0,0,0,0,0,0,0,2,0,0,0,39,0,0
"F","Y","F","Y","Y","Y","Y","F","Y","F","Y","F","Y","Y","Y","Y","F","Y","Y","L","Y","L","F","F","F","-","F","F","F","F","F","F","F","F","F","F","F","F","Y","F","F","Y","Y","Y","Y","F","F","F","F","F","Y","F","F","F","F","Y","F","F","F","F","F","F","F","F",0,0,0,2,0,0,40,0,21,0,0,0,0,0,0,0,0,0,0,0
"V","V","V","V","V","V","V","V","V","V","V","V","V","V","V","V","V","V","V","V","V","V","V","V","V","-","V","V","V","V","V","V","V","V","V","V","V","V","V","V","V","V","V","V","V","V","V","V","V","V","V","V","V","V","V","V","V","V","V","V","V","V","V","V",0,0,0,0,0,63,0,0,0,0,0,0,0,0,0,0,0,0,0,0
"G","G","G","G","G","G","G","G","G","G","G","G","G","-","G","G","G","G","G","G","G","G","G","G","G","G","G","G","G","G","G","G","G","G","G","G","G","G","G","G","G","-","G","G","G","G","G","G","G","G","G","G","G","G","G","G","G","G","G","G","G","G","G","G",0,62,0,0,0,0,0,0,0,0,0,0,0,0,0,0,0,0,0,0
"T","T","N","T","T","T","T","T","N","T","T","T","T","-","T","T","N","T","T","T","T","T","T","T","T","T","N","N","T","T","T","T","N","S","N","N","T","T","T","T","T","-","T","T","T","N","T","N","T","T","T","T","N","N","N","T","S","T","T","N","N","T","N","N",0,0,0,0,0,0,0,0,0,0,0,0,0,0,2,43,0,0,17,0
"K","K","K","K","K","K","K","K","K","K","K","K","K","-","K","K","K","K","K","K","K","K","K","K","K","-","K","K","K","K","K","K","K","K","K","K","K","K","K","K","K","-","K","K","K","K","K","K","K","K","K","K","K","K","K","R","K","K","K","K","K","K","K","K",0,0,0,0,0,0,0,0,0,0,0,1,0,60,0,0,0,0,0,0
"T","T","T","T","T","T","T","T","T","T","T","T","T","-","T","T","T","T","T","T","T","T","T","T","T","-","T","T","T","T","T","T","T","T","T","T","T","T","T","T","T","-","T","T","T","T","T","T","T","T","T","T","T","T","T","T","T","T","T","T","T","T","T","T",0,0,0,0,0,0,0,0,0,0,0,0,0,0,0,61,0,0,0,0
"K","K","K","K","K","K","K","K","K","K","K","K","K","-","K","R","V","K","K","R","K","R","K","K","K","-","K","K","M","K","K","K","K","K","K","K","K","K","K","K","K","-","K","K","K","K","K","K","V","K","K","K","K","K","K","K","K","K","K","K","K","K","K","K",0,0,0,0,0,2,0,0,0,0,0,3,0,55,0,0,0,1,0,0
"D","D","D","D","D","D","D","D","D","D","D","D","D","-","D","D","D","D","D","D","D","D","D","D","D","-","D","D","D","D","D","D","D","D","D","D","D","D","D","D","D","-","D","D","D","D","D","D","D","D","D","D","D","D","D","D","D","D","D","D","D","D","D","D",0,0,0,0,0,0,0,0,0,61,0,0,0,0,0,0,0,0,0,0
"-","-","-","-","-","-","-","-","-","-","-","-","-","-","-","-","-","-","-","-","-","-","-","-","-","-","-","-","-","-","-","-","-","-","-","-","-","-","-","-","-","-","-","-","-","-","-","-","-","-","-","-","-","-","-","-","-","-","-","-","-","-","-","-",0,0,0,0,0,0,0,0,0,0,0,0,0,0,0,0,0,0,0,0
"-","-","-","-","-","-","-","-","-","-","-","-","-","-","-","-","-","-","-","-","-","-","-","-","-","-","-","-","-","-","-","-","-","-","-","-","-","-","-","-","-","-","-","-","-","-","-","-","-","-","-","-","-","-","-","-","-","-","-","-","-","-","-","-",0,0,0,0,0,0,0,0,0,0,0,0,0,0,0,0,0,0,0,0
"-","-","-","-","-","-","-","-","-","-","-","-","-","-","-","-","-","-","-","-","-","-","-","-","-","-","-","-","-","-","-","-","-","-","-","-","-","-","-","-","-","-","-","-","-","-","-","-","-","-","-","-","-","-","-","-","-","-","-","-","-","-","-","-",0,0,0,0,0,0,0,0,0,0,0,0,0,0,0,0,0,0,0,0
"-","-","-","-","-","-","-","-","-","-","-","-","-","-","-","-","-","-","-","-","-","-","-","-","-","-","-","-","-","-","-","-","-","-","-","-","-","-","-","-","-","-","-","-","-","-","-","-","-","-","-","-","-","-","-","-","-","-","-","-","-","-","-","-",0,0,0,0,0,0,0,0,0,0,0,0,0,0,0,0,0,0,0,0
"G","G","G","-","G","G","G","G","G","G","G","G","G","-","G","G","G","G","G","R","G","G","G","G","G","-","G","G","G","G","G","G","G","G","G","G","G","G","G","G","G","-","G","G","G","G","G","G","G","G","G","G","G","G","G","G","G","G","G","G","G","G","G","G",0,59,0,0,0,0,0,0,0,0,0,1,0,0,0,0,0,0,0,0
"V","V","V","V","V","V","V","V","V","V","V","V","V","-","V","V","V","V","V","V","V","V","V","V","V","-","V","V","V","V","V","V","V","V","V","V","V","V","V","V","V","-","V","V","V","V","V","V","V","V","V","V","V","V","V","V","V","V","V","V","V","V","V","V",0,0,0,0,0,61,0,0,0,0,0,0,0,0,0,0,0,0,0,0
"T","S","T","T","T","T","S","S","S","T","S","T","T","-","S","T","T","S","T","T","S","T","T","S","T","-","T","T","T","S","S","T","T","T","T","T","T","T","T","T","T","-","S","T","T","T","S","T","T","T","S","T","T","T","T","T","T","T","T","T","T","T","T","T",0,0,0,0,0,0,0,0,0,0,0,0,0,0,14,47,0,0,0,0
"V","T","T","T","T","T","T","T","S","T","T","T","T","-","T","T","T","T","T","T","T","T","T","S","T","-","T","T","T","T","T","T","-","-","T","T","V","T","S","-","T","-","T","S","T","T","S","T","T","T","T","T","T","T","T","T","T","T","T","T","T","T","T","T",0,0,0,0,0,2,0,0,0,0,0,0,0,0,5,51,0,0,0,0
"V","V","D","V","V","V","V","V","V","V","V","V","V","V","V","V","V","V","V","V","V","V","V","V","V","-","V","V","V","V","V","V","-","-","V","V","V","V","V","-","V","V","V","V","V","V","V","V","V","V","V","V","V","V","V","V","V","V","V","V","V","V","V","V",0,0,0,0,0,59,0,0,0,1,0,0,0,0,0,0,0,0,0,0
"A","A","F","A","A","A","A","A","A","A","A","A","A","A","A","A","A","A","A","A","A","A","A","A","A","-","A","A","A","A","A","A","-","-","A","A","A","A","A","-","A","V","A","A","A","A","A","A","A","A","A","A","A","A","A","A","A","A","A","A","A","A","A","A",58,0,0,0,0,1,1,0,0,0,0,0,0,0,0,0,0,0,0,0
"G","E","P","G","G","G","G","G","G","G","G","G","G","G","E","E","G","E","G","E","E","E","G","E","G","-","G","G","G","G","G","G","-","-","G","G","G","G","E","-","G","E","G","E","G","G","E","G","G","G","G","G","G","G","G","G","G","G","G","G","G","G","G","G",0,47,0,0,1,0,0,0,0,0,12,0,0,0,0,0,0,0,0,0
"K","K","T","K","K","K","K","K","K","K","K","K","K","K","K","K","K","K","K","K","K","K","K","K","K","-","K","K","K","R","K","K","T","T","K","K","K","K","K","T","K","E","K","K","K","K","K","K","K","K","K","K","K","K","K","K","K","K","K","K","K","K","K","K",0,0,0,0,0,0,0,0,0,0,1,1,0,57,0,4,0,0,0,0
"T","T","A","T","T","T","T","T","T","T","T","T","T","T","T","T","T","T","T","T","T","T","T","T","T","-","T","T","T","T","T","T","A","A","T","T","T","T","T","A","T","T","T","T","T","T","T","T","T","T","T","T","T","T","T","T","T","T","T","T","T","T","T","T",4,0,0,0,0,0,0,0,0,0,0,0,0,0,0,59,0,0,0,0
"V","V","V","V","V","V","V","V","V","V","V","V","V","V","V","V","A","V","V","V","V","V","V","A","V","K","V","V","V","V","V","V","V","V","V","V","V","V","K","V","V","K","V","V","V","V","V","V","V","V","V","V","V","V","V","V","V","V","V","V","V","V","V","V",2,0,0,0,0,59,0,0,0,0,0,0,0,3,0,0,0,0,0,0
"S","S","S","S","S","S","S","T","S","T","S","T","S","S","S","S","S","S","S","S","S","S","S","T","S","E","S","S","S","T","S","S","S","S","S","S","S","S","E","S","S","E","S","S","S","T","S","S","S","S","S","T","S","S","S","S","S","T","S","S","S","S","S","T",0,0,0,0,0,0,0,0,0,0,3,0,0,0,52,9,0,0,0,0
"G","G","G","G","G","G","G","G","G","S","G","S","G","G","G","G","-","G","G","G","G","G","G","H","G","Q","G","G","G","G","G","G","G","G","G","G","G","G","Q","G","G","Q","G","G","G","G","Q","G","G","G","G","G","G","G","G","G","G","G","G","G","G","G","G","G",0,56,0,0,0,0,0,0,0,0,0,0,1,0,2,0,0,0,0,4
"M","V","V","V","V","V","V","M","V","V","V","V","V","V","V","V","-","V","V","V","V","V","V","V","V","V","V","V","V","V","V","V","V","V","V","V","V","V","V","V","V","V","V","V","V","V","V","V","V","V","V","V","V","V","V","V","V","V","V","V","V","V","V","V",0,0,0,0,0,61,0,0,0,0,0,0,0,0,0,0,0,2,0,0
"S","S","S","S","S","S","S","T","S","T","S","T","S","S","S","S","-","S","S","S","S","S","S","S","S","T","S","S","S","A","S","S","S","S","S","S","S","S","S","S","S","T","S","S","S","S","S","S","S","S","S","T","S","S","S","S","S","S","S","S","S","S","S","S",1,0,0,0,0,0,0,0,0,0,0,0,0,0,56,6,0,0,0,0
"Q","H","Q","Q","Q","Q","H","Q","H","Q","Q","Q","Q","Q","H","Q","-","H","Q","H","H","Q","Q","Q","Q","N","Q","Q","Q","Q","Q","Q","Q","H","Q","Q","Q","Q","N","Q","Q","S","H","Q","Q","Q","Q","Q","H","Q","Q","Q","Q","H","Q","Q","Q","N","Q","Q","Q","Q","Q","Q",0,0,0,0,0,0,0,0,0,0,0,0,11,0,1,0,0,0,3,48
"V","V","V","V","V","V","V","M","M","V","V","V","V","V","V","V","V","V","V","V","V","V","V","V","V","V","V","V","V","V","V","V","V","V","V","V","V","V","V","V","V","V","V","V","V","V","V","V","V","V","V","V","V","V","V","V","V","V","V","V","V","M","V","V",0,0,0,0,0,61,0,0,0,0,0,0,0,0,0,0,0,3,0,0
"G","G","G","G","G","G","G","S","G","G","G","G","G","G","G","G","G","G","G","S","G","S","G","G","G","G","G","G","G","G","G","S","G","G","G","G","G","G","G","G","S","G","G","S","G","G","G","G","G","G","G","G","G","G","G","S","G","G","S","G","G","S","G","G",0,55,0,0,0,0,0,0,0,0,0,0,0,0,9,0,0,0,0,0
"G","G","G","E","G","G","G","G","G","G","G","G","G","G","G","G","G","G","G","G","G","G","G","G","G","G","G","G","E","G","G","E","G","G","G","G","G","G","G","G","G","E","G","G","E","G","G","G","G","G","G","G","G","G","G","E","G","G","G","G","G","G","G","G",0,58,0,0,0,0,0,0,0,0,6,0,0,0,0,0,0,0,0,0
"A","A","A","A","A","A","A","A","A","A","A","A","A","A","A","A","A","A","A","A","A","A","A","A","A","A","A","A","A","A","A","A","A","A","A","A","A","A","A","A","A","A","A","A","A","A","A","A","A","A","A","A","A","A","A","A","A","A","A","A","A","A","A","A",64,0,0,0,0,0,0,0,0,0,0,0,0,0,0,0,0,0,0,0
"V","V","M","V","V","V","M","M","V","M","V","M","V","V","V","M","M","V","V","M","V","M","V","V","V","L","M","M","V","M","V","V","M","M","M","M","M","V","V","M","V","V","M","M","V","M","V","M","M","V","V","V","M","M","M","V","V","V","M","M","M","V","M","M",0,0,0,1,0,32,0,0,0,0,0,0,0,0,0,0,0,31,0,0
"V","V","V","V","V","V","V","A","V","V","V","V","V","V","V","V","V","V","V","V","V","V","V","V","V","V","V","V","V","V","V","V","V","V","V","V","V","V","V","V","V","V","V","V","V","V","V","V","V","V","V","V","V","V","V","V","V","V","V","V","V","V","V","V",1,0,0,0,0,63,0,0,0,0,0,0,0,0,0,0,0,0,0,0
"T","T","T","T","T","T","T","V","T","T","T","T","T","T","T","T","T","T","T","T","T","T","T","T","T","T","T","T","T","T","T","T","T","T","T","T","T","T","T","T","T","T","T","T","T","T","T","T","D","T","T","T","T","T","T","T","T","S","T","T","T","T","T","T",0,0,0,0,0,1,0,0,0,1,0,0,0,0,1,61,0,0,0,0
"G","G","G","G","G","G","G","G","G","G","G","G","G","G","G","G","G","G","G","G","G","G","G","G","G","C","G","G","G","G","G","G","G","G","G","G","G","G","G","G","G","G","G","G","G","G","G","G","G","G","G","G","G","G","G","G","G","G","G","G","G","G","G","G",0,63,0,0,0,0,0,0,0,0,0,0,0,0,0,0,1,0,0,0
"V","V","V","V","V","V","V","V","V","V","V","V","V","V","V","V","V","V","V","V","V","V","V","V","V","V","V","V","V","V","V","V","V","V","V","V","V","V","V","V","V","V","V","V","V","V","V","V","V","V","V","V","V","V","V","V","V","V","V","V","V","V","V","V",0,0,0,0,0,64,0,0,0,0,0,0,0,0,0,0,0,0,0,0
"T","T","T","T","T","T","T","A","T","A","T","A","T","T","T","T","T","T","T","T","T","T","T","T","T","T","T","T","T","A","T","T","T","T","T","T","T","T","T","T","T","T","T","T","T","T","T","T","T","T","T","T","T","T","T","T","T","T","T","T","T","T","T","T",4,0,0,0,0,0,0,0,0,0,0,0,0,0,0,60,0,0,0,0
"T","A","A","A","A","A","A","S","A","T","A","T","A","A","A","T","A","A","A","T","A","T","A","A","A","S","A","A","A","T","A","A","A","A","A","A","A","A","A","A","A","A","A","T","A","A","A","A","A","A","A","A","A","A","A","A","A","N","A","A","A","A","A","A",53,0,0,0,0,0,0,0,0,0,0,0,0,0,2,8,0,0,1,0
"V","V","V","V","V","V","V","V","V","V","V","V","V","V","V","V","V","V","V","V","V","V","V","V","V","V","V","V","V","V","V","V","V","V","V","V","V","V","V","V","V","V","V","V","V","V","V","V","V","V","V","V","V","V","V","V","V","V","V","V","V","V","V","V",0,0,0,0,0,64,0,0,0,0,0,0,0,0,0,0,0,0,0,0
"A","A","A","A","A","A","A","A","A","A","A","A","A","A","A","A","A","A","A","A","A","A","A","A","A","A","A","C","A","A","A","A","A","A","C","A","A","A","A","A","A","A","A","A","A","C","A","A","A","A","A","A","C","A","A","A","A","A","A","A","A","A","C","C",58,0,0,0,0,0,0,0,0,0,0,0,0,0,0,0,6,0,0,0
"Q","Q","H","Q","Q","Q","Q","Q","Q","Q","Q","Q","Q","Q","Q","Q","H","Q","Q","Q","Q","Q","Q","H","Q","Q","H","N","Q","Q","Q","Q","H","H","N","H","Q","Q","H","H","H","Q","Q","Q","Q","N","H","H","Q","Q","Q","Q","N","H","H","H","Q","H","Q","H","H","Q","N","N",0,0,0,0,0,0,0,0,0,0,0,0,18,0,0,0,0,0,6,40
"K","K","K","K","K","K","K","K","K","K","K","K","K","K","K","K","K","K","K","K","K","K","K","K","K","K","R","K","K","K","K","K","K","K","K","R","K","K","K","K","K","K","K","K","K","K","K","R","K","K","K","K","K","K","R","K","K","K","K","R","R","K","K","K",0,0,0,0,0,0,0,0,0,0,0,6,0,58,0,0,0,0,0,0
"T","T","T","T","T","T","T","T","T","T","T","T","T","T","T","T","T","T","T","T","T","T","T","T","T","T","T","T","T","T","-","T","T","T","T","T","T","T","T","T","T","T","T","T","T","T","T","T","T","T","T","T","T","T","T","T","T","T","T","T","T","T","T","T",0,0,0,0,0,0,0,0,0,0,0,0,0,0,0,63,0,0,0,0
"V","V","V","V","V","V","V","V","V","V","V","V","V","V","V","V","V","V","V","V","V","V","V","V","V","V","V","V","V","V","-","V","V","V","V","V","V","V","V","V","V","V","V","V","V","V","V","V","V","V","V","V","V","V","V","V","V","V","V","V","V","V","V","V",0,0,0,0,0,63,0,0,0,0,0,0,0,0,0,0,0,0,0,0
"E","E","E","E","E","E","E","E","E","E","E","E","E","E","E","E","E","E","E","E","E","E","E","E","E","E","E","E","G","E","-","E","E","E","E","E","E","E","E","E","E","E","E","E","E","E","E","E","E","E","E","E","E","E","E","E","E","E","E","E","E","E","E","E",0,1,0,0,0,0,0,0,0,0,62,0,0,0,0,0,0,0,0,0
"S","G","G","G","G","G","G","G","G","G","G","G","G","G","G","G","S","G","G","G","G","G","G","G","G","G","G","G","G","G","-","G","G","G","G","G","S","S","G","G","G","G","G","G","G","G","G","G","G","G","G","G","G","G","G","G","G","G","G","G","G","G","G","G",0,59,0,0,0,0,0,0,0,0,0,0,0,0,4,0,0,0,0,0
"A","A","A","A","A","A","A","A","A","A","A","A","A","A","A","A","A","A","A","A","A","A","A","A","A","A","A","A","A","A","-","A","A","A","A","A","A","A","A","A","A","A","A","A","A","A","A","A","A","A","A","A","A","A","A","A","A","A","A","A","A","A","A","A",63,0,0,0,0,0,0,0,0,0,0,0,0,0,0,0,0,0,0,0
"G","G","G","G","G","G","G","G","G","G","G","G","G","G","G","G","G","G","G","G","G","G","G","G","G","G","G","G","S","G","-","G","G","G","G","G","G","G","G","G","G","G","G","G","G","G","G","G","G","G","G","G","G","G","G","G","G","G","G","G","G","G","G","G",0,62,0,0,0,0,0,0,0,0,0,0,0,0,1,0,0,0,0,0
"S","N","N","S","T","T","N","N","N","N","N","N","T","T","N","N","S","N","T","S","N","S","N","N","N","S","N","N","N","N","-","T","N","N","N","N","S","T","N","N","N","S","N","N","T","N","S","N","N","N","N","N","N","N","N","N","N","N","N","N","N","N","N","N",0,0,0,0,0,0,0,0,0,0,0,0,0,0,9,8,0,0,46,0
"I","I","M","I","I","I","I","I","I","I","I","I","I","I","I","I","I","I","I","I","I","I","I","I","I","T","I","I","I","I","-","I","I","I","I","I","I","I","I","I","I","I","I","I","I","I","I","I","I","I","I","I","I","I","I","I","I","I","I","I","I","I","I","I",0,0,61,0,0,0,0,0,0,0,0,0,0,0,0,1,0,1,0,0
"A","A","V","A","A","A","A","V","A","V","A","V","A","A","A","A","A","A","A","A","A","A","A","A","V","A","A","A","V","V","-","V","V","A","A","A","A","V","A","A","V","V","A","V","A","A","A","A","V","A","A","A","A","A","A","A","V","V","V","A","A","V","A","A",45,0,0,0,0,18,0,0,0,0,0,0,0,0,0,0,0,0,0,0
"A","A","V","A","A","A","A","A","A","A","A","A","A","A","A","A","A","A","A","A","A","A","A","A","A","A","A","A","A","A","-","A","V","A","A","A","A","A","A","A","A","A","A","A","A","A","A","A","A","A","A","A","A","A","A","A","A","A","A","A","A","A","A","A",61,0,0,0,0,2,0,0,0,0,0,0,0,0,0,0,0,0,0,0
"A","A","A","A","A","A","A","A","A","A","A","A","A","A","A","A","A","A","A","A","A","A","A","A","A","A","A","A","A","A","-","A","A","A","A","V","A","A","A","A","A","A","A","A","A","A","A","A","A","A","A","A","A","A","A","A","A","A","A","A","A","A","A","A",62,0,0,0,0,1,0,0,0,0,0,0,0,0,0,0,0,0,0,0
"T","T","T","T","T","T","T","T","T","T","T","T","T","T","T","T","T","T","T","T","T","T","T","T","T","T","T","T","T","T","T","T","T","T","T","T","T","T","T","T","T","T","T","T","T","T","T","T","T","T","T","T","T","T","T","T","T","T","T","T","T","T","T","T",0,0,0,0,0,0,0,0,0,0,0,0,0,0,0,64,0,0,0,0
"G","G","G","G","G","G","G","G","G","G","G","G","G","G","G","G","G","G","G","G","G","G","G","G","G","G","G","G","G","G","G","G","G","G","G","G","G","G","G","G","G","G","G","G","G","G","G","G","G","G","G","G","G","G","G","G","G","G","G","G","G","G","G","G",0,64,0,0,0,0,0,0,0,0,0,0,0,0,0,0,0,0,0,0
"L","L","L","L","L","L","L","L","L","L","L","L","L","L","L","L","L","L","L","L","L","L","L","L","L","S","L","L","L","L","L","L","L","L","L","L","L","L","L","L","L","F","L","L","L","L","L","L","L","L","L","L","L","L","L","L","L","L","L","L","L","L","L","L",0,0,0,62,0,0,1,0,0,0,0,0,0,0,1,0,0,0,0,0
"V","V","V","V","V","V","V","V","V","V","V","V","V","V","V","V","V","V","V","V","V","V","V","V","V","C","V","V","V","V","V","V","V","V","V","V","V","V","V","V","V","G","V","V","V","V","V","V","V","V","V","V","V","V","V","V","V","V","V","V","V","V","V","V",0,1,0,0,0,62,0,0,0,0,0,0,0,0,0,0,1,0,0,0
"K","K","K","K","K","K","K","K","K","K","K","K","K","K","K","K","K","K","K","K","K","K","K","K","K","K","K","K","K","K","K","K","K","K","K","K","K","K","K","K","K","K","K","K","K","K","K","K","K","K","K","K","K","K","K","K","K","K","K","K","K","K","K","K",0,0,0,0,0,0,0,0,0,0,0,0,0,64,0,0,0,0,0,0
"K","K","K","K","K","K","R","K","K","K","R","K","K","K","K","R","K","K","K","K","K","K","K","K","K","K","K","K","K","K","K","K","K","K","K","K","K","K","R","K","K","K","R","K","K","K","K","K","K","K","R","K","K","K","K","K","K","R","K","K","K","K","K","K",0,0,0,0,0,0,0,0,0,0,0,7,0,57,0,0,0,0,0,0
"E","D","D","D","D","D","D","D","D","D","D","D","D","D","D","D","D","D","D","D","D","D","D","E","D","D","D","D","E","D","I","D","D","D","D","D","E","D","D","D","D","D","D","D","D","D","D","D","D","D","D","E","D","D","D","D","D","D","D","D","D","D","D","D",0,0,1,0,0,0,0,0,0,58,5,0,0,0,0,0,0,0,0,0
"P","P","P","P","P","P","P","P","P","P","P","P","P","P","P","M","P","P","P","T","P","M","P","V","P","Q","-","P","P","P","G","P","S","P","P","T","P","P","H","P","Q","Q","P","A","P","P","A","-","T","P","P","P","P","P","T","P","P","P","P","-","T","P","P","P",2,1,0,0,45,1,0,0,0,0,0,0,1,0,1,5,0,2,0,3
"-","-","-","-","-","-","-","-","-","-","-","-","-","-","-","-","-","-","-","-","-","-","-","-","-","F","-","-","-","-","C","-","-","-","-","-","-","-","L","-","-","L","-","-","-","R","-","-","-","-","-","-","-","-","-","-","-","-","-","-","-","-","-","R",0,0,0,2,0,0,1,0,0,0,0,2,0,0,0,0,1,0,0,0
"G","A","A","A","A","A","A","A","A","A","T","A","A","A","A","P","A","A","A","T","A","T","A","D","A","G","-","A","A","A","G","A","A","T","A","A","G","A","G","A","A","S","A","P","A","G","S","-","P","A","A","A","A","A","A","A","A","A","A","-","A","A","A","E",44,6,0,0,3,0,0,0,0,1,1,0,0,0,2,4,0,0,0,0
"K","K","K","K","K","K","K","K","K","K","K","K","K","K","K","K","K","K","K","K","K","K","K","K","K","K","-","K","K","K","G","K","K","K","K","K","K","K","K","K","K","R","K","K","K","R","K","-","K","K","K","K","K","K","K","K","K","K","K","-","K","K","K","R",0,1,0,0,0,0,0,0,0,0,0,3,0,57,0,0,0,0,0,0
"S","G","S","S","S","S","S","T","G","T","S","T","S","S","G","V","G","G","S","D","G","D","G","D","G","S","-","V","G","T","-","G","V","S","V","D","G","G","N","S","G","S","S","D","S","V","D","-","D","T","S","E","V","E","D","N","S","V","S","-","D","A","V","V",1,13,0,0,0,9,0,0,0,9,2,0,0,0,19,5,0,0,2,0
"D","E","D","D","D","D","D","E","L","E","D","E","D","D","E","R","E","E","D","D","E","D","D","-","D","E","-","R","D","E","-","D","R","D","R","E","D","D","E","D","D","E","D","E","D","R","E","-","E","E","D","D","K","E","E","N","D","S","D","-","E","D","R","R",0,0,0,1,0,0,0,0,0,28,20,7,0,1,1,0,0,0,1,0
"G","-","-","-","-","-","-","-","L","-","-","-","-","-","-","I","-","-","-","-","-","-","-","E","-","E","-","M","-","-","-","-","-","-","M","D","-","-","D","-","-","G","-","E","-","S","E","-","E","-","-","-","M","D","D","-","-","-","-","-","D","-","M","S",0,2,1,1,0,0,0,0,0,5,5,0,0,0,2,0,0,4,0,0
"-","-","-","-","-","-","-","-","F","-","-","-","-","-","-","A","-","-","-","-","-","-","-","T","-","G","-","I","-","-","-","-","-","-","I","A","-","-","M","-","-","G","-","V","-","N","M","-","A","-","-","-","I","T","A","-","-","-","-","-","T","-","I","N",4,2,4,0,0,1,1,0,0,0,0,0,0,0,0,3,0,2,2,0
"-","-","-","-","-","-","-","-","F","-","-","-","-","-","-","L","-","-","-","-","-","-","-","M","-","A","-","P","-","-","-","-","-","-","P","M","-","-","L","-","-","-","-","-","-","I","M","-","-","-","-","-","P","L","M","-","-","-","-","-","M","-","P","I",1,0,2,3,4,0,1,0,0,0,0,0,0,0,0,0,0,5,0,0
"T","-","-","-","-","-","-","-","-","-","-","-","-","-","-","-","-","-","-","-","-","-","-","S","-","P","-","S","-","-","T","-","-","-","S","K","-","-","S","-","-","-","-","-","-","K","S","-","-","-","-","-","S","K","K","-","-","K","-","-","K","-","S","K",0,0,0,0,1,0,0,0,0,0,0,0,0,7,7,2,0,0,0,0
"D","D","E","D","D","D","D","D","-","D","D","D","D","D","D","K","D","D","D","-","D","-","D","Q","D","Q","-","D","D","D","C","D","K","E","V","D","D","D","Q","E","D","-","D","K","D","D","Q","-","K","D","D","D","D","D","D","D","D","R","E","-","D","E","D","D",0,0,0,0,0,1,0,0,0,41,5,1,0,4,0,0,1,0,0,4
"G","V","A","A","A","A","A","V","-","A","A","A","A","A","V","A","P","V","A","-","V","-","A","E","A","E","-","A","A","A","E","A","T","A","A","S","A","A","E","S","A","-","A","E","A","-","E","-","Q","V","A","A","A","S","S","A","A","I","A","-","S","A","Q","-",32,1,1,0,1,6,0,0,0,0,6,0,0,0,5,1,0,0,0,2
"P","S","S","S","S","S","S","S","-","S","S","S","S","S","S","Q","S","S","S","-","S","-","L","A","L","S","-","-","S","S","T","S","L","S","-","P","A","S","G","S","S","-","S","L","S","-","A","-","V","P","S","T","-","P","P","S","S","Q","L","-","P","S","S","-",3,1,0,5,6,1,0,0,0,0,0,0,0,0,32,2,0,0,0,2
"A","A","A","A","A","A","A","A","-","P","A","P","A","A","A","E","A","A","A","-","A","-","A","L","A","I","-","-","A","P","F","A","F","A","-","-","T","P","L","A","P","-","A","P","A","-","L","-","P","A","A","A","-","-","-","A","A","Y","A","-","-","A","-","-",31,0,1,3,7,0,2,0,1,0,1,0,0,0,0,1,0,0,0,0
"P","V","V","V","V","V","V","P","-","V","E","V","V","V","V","M","V","V","V","-","V","-","A","V","A","L","-","-","A","V","L","A","I","V","-","-","A","V","M","V","V","-","V","V","V","-","M","-","V","T","V","V","-","-","-","A","A","T","E","-","-","V","-","-",7,0,1,2,2,28,0,0,0,0,2,0,0,0,0,2,0,3,0,0
"E","P","Q","Q","Q","Q","Q","Q","-","Q","Q","Q","Q","Q","P","G","Q","P","Q","-","P","-","Q","E","Q","E","-","-","L","Q","T","Q","-","Q","-","-","E","Q","D","Q","Q","-","Q","E","Q","-","E","-","E","Q","E","Q","-","-","-","Q","Q","Q","Q","-","-","Q","-","-",0,1,0,1,4,0,0,0,0,1,8,0,0,0,0,1,0,0,0,30
"G","E","E","E","E","E","E","E","V","E","E","E","E","E","E","W","E","E","E","N","E","N","E","E","E","D","-","-","E","E","N","E","-","E","-","E","E","E","D","E","E","S","E","E","E","-","E","-","E","K","E","D","-","E","E","E","E","S","E","-","E","E","V","-",0,1,0,0,0,2,0,1,0,3,42,0,0,1,2,0,0,0,3,0
"S","S","S","S","S","S","S","S","S","S","S","S","S","S","S","S","S","S","S","L","S","L","S","L","S","T","-","-","S","S","-","S","-","S","-","S","S","S","Y","S","S","M","S","S","S","-","L","-","S","S","S","S","-","S","S","S","S","T","S","-","S","S","S","-",0,0,0,4,0,0,0,0,1,0,0,0,0,0,46,2,0,1,0,0
"P","P","P","P","P","P","P","P","P","P","P","P","P","P","P","P","P","P","P","P","P","P","P","Q","P","P","P","-","P","P","-","P","-","P","-","P","P","P","P","P","P","E","P","Q","P","-","Q","P","Q","P","P","P","-","P","P","P","P","R","P","P","P","P","S","-",0,0,0,0,50,0,0,0,0,0,1,1,0,0,1,0,0,0,0,4
"D","V","V","V","V","V","V","I","F","I","V","T","V","V","I","G","V","I","V","V","V","V","V","V","V","M","T","-","V","I","-","V","-","V","-","V","D","V","L","M","I","V","V","L","V","-","A","L","V","T","V","V","-","V","V","D","I","T","V","T","V","V","G","-",1,2,7,3,0,33,1,0,0,3,0,0,0,0,0,5,0,2,0,0
"D","D","D","D","D","D","D","D","K","D","D","D","D","D","D","E","D","D","D","D","D","D","D","D","D","D","E","-","D","D","-","D","-","D","-","E","D","E","D","D","D","-","D","D","D","-","D","E","D","N","D","D","-","E","E","D","D","H","D","E","E","D","Y","-",0,0,0,0,0,0,0,0,1,43,9,0,1,1,0,0,0,0,1,0
"P","S","P","P","P","P","P","P","D","P","P","P","P","P","S","Y","P","S","P","Y","S","Y","P","N","P","P","A","-","T","P","-","P","-","P","-","G","P","P","P","L","P","-","P","N","P","-","N","G","N","P","P","N","-","G","G","P","P","K","P","A","G","P","M","-",2,5,0,1,32,0,0,0,3,1,0,0,0,1,4,1,0,1,5,0
"G","T","A","A","A","A","A","A","A","A","A","A","A","A","T","S","A","T","A","S","T","S","A","S","A","D","T","-","P","A","-","A","-","A","-","G","A","A","D","A","A","-","A","C","A","-","S","L","S","A","A","A","-","G","G","A","A","W","A","T","G","A","F","-",32,5,0,1,1,0,1,1,0,2,0,0,0,0,6,6,1,0,0,0
"-","-","-","-","-","-","-","-","-","-","-","-","-","-","-","L","-","-","-","T","-","T","-","G","-","S","-","-","-","-","N","-","-","-","-","-","-","-","-","-","-","-","-","D","-","-","D","-","D","-","-","-","-","-","-","-","-","-","-","-","-","-","-","-",0,1,0,1,0,0,0,0,0,3,0,0,0,0,1,2,0,0,1,0
"Q","E","D","D","D","D","E","D","D","D","E","D","D","D","E","H","D","E","D","P","E","P","D","V","D","E","P","-","D","D","D","D","-","D","-","D","E","D","D","D","D","E","E","D","D","-","I","L","N","E","E","D","-","N","D","D","D","-","D","P","D","D","S","-",0,0,1,1,4,1,0,0,0,33,12,0,1,0,1,0,0,0,2,1
"A","P","A","V","V","V","A","I","D","V","A","V","V","V","P","T","I","P","V","N","P","N","A","V","A","A","A","-","A","I","T","A","-","A","-","T","A","A","T","A","A","A","A","G","V","-","A","C","A","L","A","V","-","T","T","A","V","-","A","S","T","A","Q","-",23,1,3,1,4,12,0,0,0,1,0,0,0,0,1,7,1,0,2,1
"T","T","M","T","T","T","T","T","K","T","T","T","T","T","T","T","T","T","T","T","T","T","T","P","T","F","L","-","T","T","H","T","-","T","-","A","T","T","Y","T","T","-","T","T","T","-","P","L","T","S","T","T","-","T","A","T","T","-","T","L","A","T","L","-",3,0,0,4,2,0,1,0,1,0,0,0,1,1,1,41,0,1,0,0
"E","E","E","E","E","E","E","E","N","E","E","E","E","E","E","Q","E","E","E","E","E","E","E","E","E","E","S","-","E","E","E","E","-","E","-","A","E","E","D","E","E","-","E","E","E","-","E","S","E","E","E","E","-","A","A","E","E","-","E","S","A","E","K","-",4,0,0,0,0,0,0,0,0,1,45,0,0,1,3,0,0,0,1,1
"-","-","-","-","-","-","-","-","-","-","-","-","-","-","-","-","-","-","-","-","-","-","-","-","-","M","-","-","-","-","M","-","-","-","-","-","L","-","M","V","-","-","-","-","-","-","-","-","-","-","-","-","-","-","-","-","-","F","-","-","-","-","-","-",0,0,0,1,0,1,1,0,0,0,0,0,0,0,0,0,0,3,0,0
"-","-","-","-","-","-","-","-","-","-","-","-","-","-","-","-","-","-","-","-","-","-","-","-","-","P","-","-","-","-","Q","-","-","-","-","-","S","-","P","D","-","-","-","-","-","-","-","-","D","-","-","-","-","-","-","-","-","S","-","-","-","-","-","-",0,0,0,0,2,0,0,0,0,2,0,0,0,0,2,0,0,0,0,1
"-","-","-","-","-","-","-","-","Q","-","-","-","-","-","-","-","-","T","-","-","-","-","-","S","-","S","W","-","-","-","G","-","-","-","-","E","S","-","P","G","-","-","-","-","-","-","-","A","I","-","-","-","-","E","E","-","-","S","-","W","E","-","G","-",1,3,1,0,1,0,0,2,0,0,4,0,0,0,4,1,0,0,0,1
"E","E","D","E","E","E","V","E","R","E","V","E","E","E","E","-","E","H","E","E","E","E","E","L","E","K","L","-","D","E","T","E","-","D","-","E","F","D","E","Q","E","-","V","E","E","-","-","-","Q","T","E","D","-","V","E","P","E","V","E","L","V","E","Q","-",0,0,0,3,1,6,1,0,0,5,30,1,1,1,0,2,0,0,0,3
"-","-","-","-","-","-","-","-","-","-","-","-","-","-","-","-","-","-","-","-","-","-","-","-","-","K","-","-","-","-","K","-","-","-","-","-","-","-","-","-","-","D","-","-","-","-","-","-","-","-","-","-","-","-","-","-","-","-","-","-","-","-","-","-",0,0,0,0,0,0,0,0,0,1,0,0,0,2,0,0,0,0,0,0
"-","-","-","-","-","-","-","-","-","-","-","-","-","-","-","-","-","-","-","-","-","-","-","-","-","G","-","-","-","-","A","-","-","-","-","-","-","-","-","-","-","G","-","-","-","-","-","-","-","-","-","-","-","-","-","-","-","-","-","-","-","-","-","-",1,2,0,0,0,0,0,0,0,0,0,0,0,0,0,0,0,0,0,0
"-","-","-","-","-","-","-","-","-","-","-","-","-","-","-","-","-","-","-","-","-","-","-","-","-","Y","-","-","-","-","F","-","-","-","-","-","-","-","-","-","-","G","-","-","-","-","-","-","-","-","-","-","-","-","-","-","-","-","-","-","-","-","-","-",0,1,0,0,0,0,1,0,1,0,0,0,0,0,0,0,0,0,0,0
"D","D","D","D","D","D","H","D","F","D","H","D","D","D","D","-","D","N","D","D","D","D","D","G","D","Q","-","-","D","D","Q","D","-","D","-","D","D","D","Q","S","D","K","H","E","D","-","-","-","-","D","D","D","-","-","D","H","D","-","D","-","-","D","-","-",0,1,0,0,0,0,1,0,0,35,1,0,4,1,1,0,0,0,1,3
"D","D","D","E","E","E","T","D","D","D","M","D","E","E","D","-","N","K","E","-","D","-","D","G","D","D","-","-","D","D","T","D","-","D","-","G","D","E","E","D","D","K","T","-","E","-","D","-","-","D","D","D","-","G","G","H","D","-","D","-","G","D","I","-",0,5,1,0,0,0,0,0,0,26,9,0,1,2,0,3,0,1,1,0
"-","-","-","-","-","-","Y","-","K","-","H","-","-","-","-","-","-","L","-","-","-","-","-","L","-","Y","-","F","-","-","L","-","-","-","F","Y","-","-","Y","-","-","N","C","-","-","-","Y","-","-","A","-","-","F","F","Y","L","-","-","-","-","Y","-","F","-",1,0,0,4,0,0,5,0,7,0,0,0,1,1,0,0,1,0,1,0
"-","-","-","-","-","-","M","-","L","-","M","-","-","-","-","-","-","V","-","-","-","-","-","S","-","K","-","L","-","-","R","-","-","-","L","-","-","-","Q","-","-","Q","M","-","-","-","H","-","-","S","-","-","L","L","-","-","-","-","-","-","L","-","T","-",0,0,0,6,0,1,0,0,0,0,0,1,1,1,2,1,0,3,0,2
"-","-","-","-","-","-","A","-","A","-","M","-","-","-","-","-","-","A","-","-","-","-","-","Y","-","S","-","-","-","-","-","-","-","-","L","-","-","-","P","-","-","P","A","-","-","-","Y","-","-","T","-","-","L","G","-","-","-","-","-","-","T","-","V","-",4,1,0,2,2,1,0,0,2,0,0,0,0,0,1,2,0,1,0,0
"-","-","-","-","-","-","H","-","-","-","H","-","-","-","-","-","-","-","-","-","-","-","-","N","-","E","-","-","-","-","-","-","-","-","R","-","-","-","N","-","-","-","H","-","-","-","Q","-","-","E","-","-","R","W","-","-","-","-","-","-","T","-","Q","-",0,0,0,0,0,0,0,1,0,0,2,2,3,0,0,1,0,0,2,2
"-","-","-","-","-","-","T","-","-","-","A","-","-","-","-","-","-","-","-","-","-","-","-","R","-","A","-","-","-","-","-","-","-","-","H","-","-","-","A","-","-","-","T","-","-","-","D","-","-","G","-","-","H","N","-","-","-","-","-","-","-","-","R","-",3,1,0,0,0,0,0,0,0,1,0,2,2,0,0,2,0,0,1,0
