"","chromosome_bp","variant_ID","variant_allele","alleles","mutation_type","evidence","consequence_type","mutation","residue_position","transcript"
"1","4:89828159","rs141859659","T","C/T","SNP","Frequency~1000Genomes~ESP~Phenotype_or_Disease~ExAC~TOPMed~gnomAD","synonymous variant","V",49,"ENST00000336904.7"
"2","4:89828159","rs141859659","T","C/T","SNP","Frequency~1000Genomes~ESP~Phenotype_or_Disease~ExAC~TOPMed~gnomAD","synonymous variant","V",49,"ENST00000345009.8"
"3","4:89828159","rs141859659","T","C/T","SNP","Frequency~1000Genomes~ESP~Phenotype_or_Disease~ExAC~TOPMed~gnomAD","synonymous variant","V",49,"ENST00000394986.5"
"4","4:89828159","rs141859659","T","C/T","SNP","Frequency~1000Genomes~ESP~Phenotype_or_Disease~ExAC~TOPMed~gnomAD","synonymous variant","V",49,"ENST00000394991.8"
"5","4:89828159","rs141859659","T","C/T","SNP","Frequency~1000Genomes~ESP~Phenotype_or_Disease~ExAC~TOPMed~gnomAD","synonymous variant","V",49,"ENST00000420646.6"
"6","4:89828159","rs141859659","T","C/T","SNP","Frequency~1000Genomes~ESP~Phenotype_or_Disease~ExAC~TOPMed~gnomAD","synonymous variant","V",49,"ENST00000502987.5"
"7","4:89828159","rs141859659","T","C/T","SNP","Frequency~1000Genomes~ESP~Phenotype_or_Disease~ExAC~TOPMed~gnomAD","synonymous variant","V",49,"ENST00000506244.5"
"8","4:89828159","rs141859659","T","C/T","SNP","Frequency~1000Genomes~ESP~Phenotype_or_Disease~ExAC~TOPMed~gnomAD","synonymous variant","V",49,"ENST00000506691.1"
"9","4:89828159","rs141859659","T","C/T","SNP","Frequency~1000Genomes~ESP~Phenotype_or_Disease~ExAC~TOPMed~gnomAD","synonymous variant","V",49,"ENST00000508895.5"
"10","4:89828159","rs141859659","T","C/T","SNP","Frequency~1000Genomes~ESP~Phenotype_or_Disease~ExAC~TOPMed~gnomAD","synonymous variant","V",49,"ENST00000673718.1"
"11","4:89828159","rs141859659","T","C/T","SNP","Frequency~1000Genomes~ESP~Phenotype_or_Disease~ExAC~TOPMed~gnomAD","synonymous variant","V",49,"ENST00000673902.1"
"12","4:89828159","rs141859659","T","C/T","SNP","Frequency~1000Genomes~ESP~Phenotype_or_Disease~ExAC~TOPMed~gnomAD","synonymous variant","V",49,"ENST00000674129.1"
"13","4:89828148","rs542171324","A","G/A/C","SNP","Frequency~1000Genomes~Cited~Phenotype_or_Disease~ExAC~TOPMed~gnomAD","missense variant","A/V",53,"ENST00000336904.7"
"14","4:89828148","rs542171324","C","G/A/C","SNP","Frequency~1000Genomes~Cited~Phenotype_or_Disease~ExAC~TOPMed~gnomAD","missense variant","A/G",53,"ENST00000336904.7"
"15","4:89828148","rs542171324","A","G/A/C","SNP","Frequency~1000Genomes~Cited~Phenotype_or_Disease~ExAC~TOPMed~gnomAD","missense variant","A/V",53,"ENST00000345009.8"
"16","4:89828148","rs542171324","C","G/A/C","SNP","Frequency~1000Genomes~Cited~Phenotype_or_Disease~ExAC~TOPMed~gnomAD","missense variant","A/G",53,"ENST00000345009.8"
"17","4:89828148","rs542171324","A","G/A/C","SNP","Frequency~1000Genomes~Cited~Phenotype_or_Disease~ExAC~TOPMed~gnomAD","missense variant","A/V",53,"ENST00000394986.5"
"18","4:89828148","rs542171324","C","G/A/C","SNP","Frequency~1000Genomes~Cited~Phenotype_or_Disease~ExAC~TOPMed~gnomAD","missense variant","A/G",53,"ENST00000394986.5"
"19","4:89828148","rs542171324","A","G/A/C","SNP","Frequency~1000Genomes~Cited~Phenotype_or_Disease~ExAC~TOPMed~gnomAD","missense variant","A/V",53,"ENST00000394991.8"
"20","4:89828148","rs542171324","C","G/A/C","SNP","Frequency~1000Genomes~Cited~Phenotype_or_Disease~ExAC~TOPMed~gnomAD","missense variant","A/G",53,"ENST00000394991.8"
"21","4:89828148","rs542171324","A","G/A/C","SNP","Frequency~1000Genomes~Cited~Phenotype_or_Disease~ExAC~TOPMed~gnomAD","missense variant","A/V",53,"ENST00000420646.6"
"22","4:89828148","rs542171324","C","G/A/C","SNP","Frequency~1000Genomes~Cited~Phenotype_or_Disease~ExAC~TOPMed~gnomAD","missense variant","A/G",53,"ENST00000420646.6"
"23","4:89828148","rs542171324","A","G/A/C","SNP","Frequency~1000Genomes~Cited~Phenotype_or_Disease~ExAC~TOPMed~gnomAD","missense variant","A/V",53,"ENST00000502987.5"
"24","4:89828148","rs542171324","C","G/A/C","SNP","Frequency~1000Genomes~Cited~Phenotype_or_Disease~ExAC~TOPMed~gnomAD","missense variant","A/G",53,"ENST00000502987.5"
"25","4:89828148","rs542171324","A","G/A/C","SNP","Frequency~1000Genomes~Cited~Phenotype_or_Disease~ExAC~TOPMed~gnomAD","missense variant","A/V",53,"ENST00000506244.5"
"26","4:89828148","rs542171324","C","G/A/C","SNP","Frequency~1000Genomes~Cited~Phenotype_or_Disease~ExAC~TOPMed~gnomAD","missense variant","A/G",53,"ENST00000506244.5"
"27","4:89828148","rs542171324","A","G/A/C","SNP","Frequency~1000Genomes~Cited~Phenotype_or_Disease~ExAC~TOPMed~gnomAD","missense variant","A/V",53,"ENST00000506691.1"
"28","4:89828148","rs542171324","C","G/A/C","SNP","Frequency~1000Genomes~Cited~Phenotype_or_Disease~ExAC~TOPMed~gnomAD","missense variant","A/G",53,"ENST00000506691.1"
"29","4:89828148","rs542171324","A","G/A/C","SNP","Frequency~1000Genomes~Cited~Phenotype_or_Disease~ExAC~TOPMed~gnomAD","missense variant","A/V",53,"ENST00000508895.5"
"30","4:89828148","rs542171324","C","G/A/C","SNP","Frequency~1000Genomes~Cited~Phenotype_or_Disease~ExAC~TOPMed~gnomAD","missense variant","A/G",53,"ENST00000508895.5"
"31","4:89828148","rs542171324","A","G/A/C","SNP","Frequency~1000Genomes~Cited~Phenotype_or_Disease~ExAC~TOPMed~gnomAD","missense variant","A/V",53,"ENST00000673718.1"
"32","4:89828148","rs542171324","C","G/A/C","SNP","Frequency~1000Genomes~Cited~Phenotype_or_Disease~ExAC~TOPMed~gnomAD","missense variant","A/G",53,"ENST00000673718.1"
"33","4:89828148","rs542171324","A","G/A/C","SNP","Frequency~1000Genomes~Cited~Phenotype_or_Disease~ExAC~TOPMed~gnomAD","missense variant","A/V",53,"ENST00000673902.1"
"34","4:89828148","rs542171324","C","G/A/C","SNP","Frequency~1000Genomes~Cited~Phenotype_or_Disease~ExAC~TOPMed~gnomAD","missense variant","A/G",53,"ENST00000673902.1"
"35","4:89828148","rs542171324","A","G/A/C","SNP","Frequency~1000Genomes~Cited~Phenotype_or_Disease~ExAC~TOPMed~gnomAD","missense variant","A/V",53,"ENST00000674129.1"
"36","4:89828148","rs542171324","C","G/A/C","SNP","Frequency~1000Genomes~Cited~Phenotype_or_Disease~ExAC~TOPMed~gnomAD","missense variant","A/G",53,"ENST00000674129.1"
"37","4:89822342","rs529511227","T","C/T","SNP","Frequency~1000Genomes~ExAC~gnomAD","synonymous variant","V",56,"ENST00000394989.6"
"38","4:89822342","rs529511227","T","C/T","SNP","Frequency~1000Genomes~ExAC~gnomAD","synonymous variant","V",56,"ENST00000505199.5"
"39","4:89822342","rs529511227","T","C/T","SNP","Frequency~1000Genomes~ExAC~gnomAD","synonymous variant","V",56,"ENST00000611107.1"
"40","4:89822342","rs529511227","T","C/T","SNP","Frequency~1000Genomes~ExAC~gnomAD","synonymous variant","V",56,"ENST00000618500.4"
"41","4:89822309","rs568436589","C","T/C","SNP","Frequency~1000Genomes~Phenotype_or_Disease~ExAC~TOPMed~gnomAD","synonymous variant","T",67,"ENST00000394989.6"
"42","4:89822309","rs568436589","C","T/C","SNP","Frequency~1000Genomes~Phenotype_or_Disease~ExAC~TOPMed~gnomAD","synonymous variant","T",67,"ENST00000505199.5"
"43","4:89822309","rs568436589","C","T/C","SNP","Frequency~1000Genomes~Phenotype_or_Disease~ExAC~TOPMed~gnomAD","synonymous variant","T",67,"ENST00000611107.1"
"44","4:89822309","rs568436589","C","T/C","SNP","Frequency~1000Genomes~Phenotype_or_Disease~ExAC~TOPMed~gnomAD","synonymous variant","T",67,"ENST00000618500.4"
"45","4:89822342","rs529511227","T","C/T","SNP","Frequency~1000Genomes~ExAC~gnomAD","synonymous variant","V",70,"ENST00000336904.7"
"46","4:89822342","rs529511227","T","C/T","SNP","Frequency~1000Genomes~ExAC~gnomAD","synonymous variant","V",70,"ENST00000345009.8"
"47","4:89822342","rs529511227","T","C/T","SNP","Frequency~1000Genomes~ExAC~gnomAD","synonymous variant","V",70,"ENST00000394986.5"
"48","4:89822342","rs529511227","T","C/T","SNP","Frequency~1000Genomes~ExAC~gnomAD","synonymous variant","V",70,"ENST00000394991.8"
"49","4:89822342","rs529511227","T","C/T","SNP","Frequency~1000Genomes~ExAC~gnomAD","synonymous variant","V",70,"ENST00000420646.6"
"50","4:89822342","rs529511227","T","C/T","SNP","Frequency~1000Genomes~ExAC~gnomAD","synonymous variant","V",70,"ENST00000502987.5"
"51","4:89822342","rs529511227","T","C/T","SNP","Frequency~1000Genomes~ExAC~gnomAD","synonymous variant","V",70,"ENST00000506244.5"
"52","4:89822342","rs529511227","T","C/T","SNP","Frequency~1000Genomes~ExAC~gnomAD","synonymous variant","V",70,"ENST00000508895.5"
"53","4:89822342","rs529511227","T","C/T","SNP","Frequency~1000Genomes~ExAC~gnomAD","synonymous variant","V",70,"ENST00000673718.1"
"54","4:89822342","rs529511227","T","C/T","SNP","Frequency~1000Genomes~ExAC~gnomAD","synonymous variant","V",70,"ENST00000673902.1"
"55","4:89822342","rs529511227","T","C/T","SNP","Frequency~1000Genomes~ExAC~gnomAD","synonymous variant","V",70,"ENST00000674129.1"
"56","4:89822309","rs568436589","C","T/C","SNP","Frequency~1000Genomes~Phenotype_or_Disease~ExAC~TOPMed~gnomAD","synonymous variant","T",81,"ENST00000336904.7"
"57","4:89822309","rs568436589","C","T/C","SNP","Frequency~1000Genomes~Phenotype_or_Disease~ExAC~TOPMed~gnomAD","synonymous variant","T",81,"ENST00000345009.8"
"58","4:89822309","rs568436589","C","T/C","SNP","Frequency~1000Genomes~Phenotype_or_Disease~ExAC~TOPMed~gnomAD","synonymous variant","T",81,"ENST00000394986.5"
"59","4:89822309","rs568436589","C","T/C","SNP","Frequency~1000Genomes~Phenotype_or_Disease~ExAC~TOPMed~gnomAD","synonymous variant","T",81,"ENST00000394991.8"
"60","4:89822309","rs568436589","C","T/C","SNP","Frequency~1000Genomes~Phenotype_or_Disease~ExAC~TOPMed~gnomAD","synonymous variant","T",81,"ENST00000420646.6"
"61","4:89822309","rs568436589","C","T/C","SNP","Frequency~1000Genomes~Phenotype_or_Disease~ExAC~TOPMed~gnomAD","synonymous variant","T",81,"ENST00000502987.5"
"62","4:89822309","rs568436589","C","T/C","SNP","Frequency~1000Genomes~Phenotype_or_Disease~ExAC~TOPMed~gnomAD","synonymous variant","T",81,"ENST00000506244.5"
"63","4:89822309","rs568436589","C","T/C","SNP","Frequency~1000Genomes~Phenotype_or_Disease~ExAC~TOPMed~gnomAD","synonymous variant","T",81,"ENST00000508895.5"
"64","4:89822309","rs568436589","C","T/C","SNP","Frequency~1000Genomes~Phenotype_or_Disease~ExAC~TOPMed~gnomAD","synonymous variant","T",81,"ENST00000673718.1"
"65","4:89822309","rs568436589","C","T/C","SNP","Frequency~1000Genomes~Phenotype_or_Disease~ExAC~TOPMed~gnomAD","synonymous variant","T",81,"ENST00000673902.1"
"66","4:89822309","rs568436589","C","T/C","SNP","Frequency~1000Genomes~Phenotype_or_Disease~ExAC~TOPMed~gnomAD","synonymous variant","T",81,"ENST00000674129.1"
"67","4:89822265","rs548523899","A","T/A/C","SNP","Frequency~1000Genomes~Cited~Phenotype_or_Disease~ExAC~TOPMed~gnomAD","missense variant","K/I",82,"ENST00000394989.6"
"68","4:89822265","rs548523899","C","T/A/C","SNP","Frequency~1000Genomes~Cited~Phenotype_or_Disease~ExAC~TOPMed~gnomAD","missense variant","K/R",82,"ENST00000394989.6"
"69","4:89822265","rs548523899","A","T/A/C","SNP","Frequency~1000Genomes~Cited~Phenotype_or_Disease~ExAC~TOPMed~gnomAD","missense variant","K/I",82,"ENST00000505199.5"
"70","4:89822265","rs548523899","C","T/A/C","SNP","Frequency~1000Genomes~Cited~Phenotype_or_Disease~ExAC~TOPMed~gnomAD","missense variant","K/R",82,"ENST00000505199.5"
"71","4:89822265","rs548523899","A","T/A/C","SNP","Frequency~1000Genomes~Cited~Phenotype_or_Disease~ExAC~TOPMed~gnomAD","missense variant","K/I",82,"ENST00000611107.1"
"72","4:89822265","rs548523899","C","T/A/C","SNP","Frequency~1000Genomes~Cited~Phenotype_or_Disease~ExAC~TOPMed~gnomAD","missense variant","K/R",82,"ENST00000611107.1"
"73","4:89822265","rs548523899","A","T/A/C","SNP","Frequency~1000Genomes~Cited~Phenotype_or_Disease~ExAC~TOPMed~gnomAD","missense variant","K/I",82,"ENST00000618500.4"
"74","4:89822265","rs548523899","C","T/A/C","SNP","Frequency~1000Genomes~Cited~Phenotype_or_Disease~ExAC~TOPMed~gnomAD","missense variant","K/R",82,"ENST00000618500.4"
"75","4:89822254","rs138969470","C","A/C/G","SNP","Frequency~1000Genomes~ESP~Phenotype_or_Disease~ExAC~TOPMed~gnomAD","missense variant","L/V",86,"ENST00000394989.6"
"76","4:89822254","rs138969470","G","A/C/G","SNP","Frequency~1000Genomes~ESP~Phenotype_or_Disease~ExAC~TOPMed~gnomAD","synonymous variant","L",86,"ENST00000394989.6"
"77","4:89822254","rs138969470","C","A/C/G","SNP","Frequency~1000Genomes~ESP~Phenotype_or_Disease~ExAC~TOPMed~gnomAD","missense variant","L/V",86,"ENST00000505199.5"
"78","4:89822254","rs138969470","G","A/C/G","SNP","Frequency~1000Genomes~ESP~Phenotype_or_Disease~ExAC~TOPMed~gnomAD","synonymous variant","L",86,"ENST00000505199.5"
"79","4:89822254","rs138969470","C","A/C/G","SNP","Frequency~1000Genomes~ESP~Phenotype_or_Disease~ExAC~TOPMed~gnomAD","missense variant","L/V",86,"ENST00000611107.1"
"80","4:89822254","rs138969470","G","A/C/G","SNP","Frequency~1000Genomes~ESP~Phenotype_or_Disease~ExAC~TOPMed~gnomAD","synonymous variant","L",86,"ENST00000611107.1"
"81","4:89822254","rs138969470","C","A/C/G","SNP","Frequency~1000Genomes~ESP~Phenotype_or_Disease~ExAC~TOPMed~gnomAD","missense variant","L/V",86,"ENST00000618500.4"
"82","4:89822254","rs138969470","G","A/C/G","SNP","Frequency~1000Genomes~ESP~Phenotype_or_Disease~ExAC~TOPMed~gnomAD","synonymous variant","L",86,"ENST00000618500.4"
"83","4:89726643","rs76642636","A","G/A","SNP","Frequency~1000Genomes~Cited~ESP~Phenotype_or_Disease~ExAC~TOPMed~gnomAD","synonymous variant","Y",94,"ENST00000611107.1"
"84","4:89822265","rs548523899","A","T/A/C","SNP","Frequency~1000Genomes~Cited~Phenotype_or_Disease~ExAC~TOPMed~gnomAD","missense variant","K/I",96,"ENST00000336904.7"
"85","4:89822265","rs548523899","C","T/A/C","SNP","Frequency~1000Genomes~Cited~Phenotype_or_Disease~ExAC~TOPMed~gnomAD","missense variant","K/R",96,"ENST00000336904.7"
"86","4:89822265","rs548523899","A","T/A/C","SNP","Frequency~1000Genomes~Cited~Phenotype_or_Disease~ExAC~TOPMed~gnomAD","missense variant","K/I",96,"ENST00000345009.8"
"87","4:89822265","rs548523899","C","T/A/C","SNP","Frequency~1000Genomes~Cited~Phenotype_or_Disease~ExAC~TOPMed~gnomAD","missense variant","K/R",96,"ENST00000345009.8"
"88","4:89822265","rs548523899","A","T/A/C","SNP","Frequency~1000Genomes~Cited~Phenotype_or_Disease~ExAC~TOPMed~gnomAD","missense variant","K/I",96,"ENST00000394986.5"
"89","4:89822265","rs548523899","C","T/A/C","SNP","Frequency~1000Genomes~Cited~Phenotype_or_Disease~ExAC~TOPMed~gnomAD","missense variant","K/R",96,"ENST00000394986.5"
"90","4:89822265","rs548523899","A","T/A/C","SNP","Frequency~1000Genomes~Cited~Phenotype_or_Disease~ExAC~TOPMed~gnomAD","missense variant","K/I",96,"ENST00000394991.8"
"91","4:89822265","rs548523899","C","T/A/C","SNP","Frequency~1000Genomes~Cited~Phenotype_or_Disease~ExAC~TOPMed~gnomAD","missense variant","K/R",96,"ENST00000394991.8"
"92","4:89822265","rs548523899","A","T/A/C","SNP","Frequency~1000Genomes~Cited~Phenotype_or_Disease~ExAC~TOPMed~gnomAD","missense variant","K/I",96,"ENST00000420646.6"
"93","4:89822265","rs548523899","C","T/A/C","SNP","Frequency~1000Genomes~Cited~Phenotype_or_Disease~ExAC~TOPMed~gnomAD","missense variant","K/R",96,"ENST00000420646.6"
"94","4:89822265","rs548523899","A","T/A/C","SNP","Frequency~1000Genomes~Cited~Phenotype_or_Disease~ExAC~TOPMed~gnomAD","missense variant","K/I",96,"ENST00000502987.5"
"95","4:89822265","rs548523899","C","T/A/C","SNP","Frequency~1000Genomes~Cited~Phenotype_or_Disease~ExAC~TOPMed~gnomAD","missense variant","K/R",96,"ENST00000502987.5"
"96","4:89822265","rs548523899","A","T/A/C","SNP","Frequency~1000Genomes~Cited~Phenotype_or_Disease~ExAC~TOPMed~gnomAD","missense variant","K/I",96,"ENST00000506244.5"
"97","4:89822265","rs548523899","C","T/A/C","SNP","Frequency~1000Genomes~Cited~Phenotype_or_Disease~ExAC~TOPMed~gnomAD","missense variant","K/R",96,"ENST00000506244.5"
"98","4:89822265","rs548523899","A","T/A/C","SNP","Frequency~1000Genomes~Cited~Phenotype_or_Disease~ExAC~TOPMed~gnomAD","missense variant","K/I",96,"ENST00000508895.5"
"99","4:89822265","rs548523899","C","T/A/C","SNP","Frequency~1000Genomes~Cited~Phenotype_or_Disease~ExAC~TOPMed~gnomAD","missense variant","K/R",96,"ENST00000508895.5"
"100","4:89822265","rs548523899","A","T/A/C","SNP","Frequency~1000Genomes~Cited~Phenotype_or_Disease~ExAC~TOPMed~gnomAD","missense variant","K/I",96,"ENST00000673718.1"
"101","4:89822265","rs548523899","C","T/A/C","SNP","Frequency~1000Genomes~Cited~Phenotype_or_Disease~ExAC~TOPMed~gnomAD","missense variant","K/R",96,"ENST00000673718.1"
"102","4:89822265","rs548523899","A","T/A/C","SNP","Frequency~1000Genomes~Cited~Phenotype_or_Disease~ExAC~TOPMed~gnomAD","missense variant","K/I",96,"ENST00000673902.1"
"103","4:89822265","rs548523899","C","T/A/C","SNP","Frequency~1000Genomes~Cited~Phenotype_or_Disease~ExAC~TOPMed~gnomAD","missense variant","K/R",96,"ENST00000673902.1"
"104","4:89822265","rs548523899","A","T/A/C","SNP","Frequency~1000Genomes~Cited~Phenotype_or_Disease~ExAC~TOPMed~gnomAD","missense variant","K/I",96,"ENST00000674129.1"
"105","4:89822265","rs548523899","C","T/A/C","SNP","Frequency~1000Genomes~Cited~Phenotype_or_Disease~ExAC~TOPMed~gnomAD","missense variant","K/R",96,"ENST00000674129.1"
"106","4:89822254","rs138969470","C","A/C/G","SNP","Frequency~1000Genomes~ESP~Phenotype_or_Disease~ExAC~TOPMed~gnomAD","missense variant","L/V",100,"ENST00000336904.7"
"107","4:89822254","rs138969470","G","A/C/G","SNP","Frequency~1000Genomes~ESP~Phenotype_or_Disease~ExAC~TOPMed~gnomAD","synonymous variant","L",100,"ENST00000336904.7"
"108","4:89822254","rs138969470","C","A/C/G","SNP","Frequency~1000Genomes~ESP~Phenotype_or_Disease~ExAC~TOPMed~gnomAD","missense variant","L/V",100,"ENST00000345009.8"
"109","4:89822254","rs138969470","G","A/C/G","SNP","Frequency~1000Genomes~ESP~Phenotype_or_Disease~ExAC~TOPMed~gnomAD","synonymous variant","L",100,"ENST00000345009.8"
"110","4:89822254","rs138969470","C","A/C/G","SNP","Frequency~1000Genomes~ESP~Phenotype_or_Disease~ExAC~TOPMed~gnomAD","missense variant","L/V",100,"ENST00000394986.5"
"111","4:89822254","rs138969470","G","A/C/G","SNP","Frequency~1000Genomes~ESP~Phenotype_or_Disease~ExAC~TOPMed~gnomAD","synonymous variant","L",100,"ENST00000394986.5"
"112","4:89822254","rs138969470","C","A/C/G","SNP","Frequency~1000Genomes~ESP~Phenotype_or_Disease~ExAC~TOPMed~gnomAD","missense variant","L/V",100,"ENST00000394991.8"
"113","4:89822254","rs138969470","G","A/C/G","SNP","Frequency~1000Genomes~ESP~Phenotype_or_Disease~ExAC~TOPMed~gnomAD","synonymous variant","L",100,"ENST00000394991.8"
"114","4:89822254","rs138969470","C","A/C/G","SNP","Frequency~1000Genomes~ESP~Phenotype_or_Disease~ExAC~TOPMed~gnomAD","missense variant","L/V",100,"ENST00000420646.6"
"115","4:89822254","rs138969470","G","A/C/G","SNP","Frequency~1000Genomes~ESP~Phenotype_or_Disease~ExAC~TOPMed~gnomAD","synonymous variant","L",100,"ENST00000420646.6"
"116","4:89822254","rs138969470","C","A/C/G","SNP","Frequency~1000Genomes~ESP~Phenotype_or_Disease~ExAC~TOPMed~gnomAD","missense variant","L/V",100,"ENST00000502987.5"
"117","4:89822254","rs138969470","G","A/C/G","SNP","Frequency~1000Genomes~ESP~Phenotype_or_Disease~ExAC~TOPMed~gnomAD","synonymous variant","L",100,"ENST00000502987.5"
"118","4:89822254","rs138969470","C","A/C/G","SNP","Frequency~1000Genomes~ESP~Phenotype_or_Disease~ExAC~TOPMed~gnomAD","missense variant","L/V",100,"ENST00000506244.5"
"119","4:89822254","rs138969470","G","A/C/G","SNP","Frequency~1000Genomes~ESP~Phenotype_or_Disease~ExAC~TOPMed~gnomAD","synonymous variant","L",100,"ENST00000506244.5"
"120","4:89822254","rs138969470","C","A/C/G","SNP","Frequency~1000Genomes~ESP~Phenotype_or_Disease~ExAC~TOPMed~gnomAD","missense variant","L/V",100,"ENST00000508895.5"
"121","4:89822254","rs138969470","G","A/C/G","SNP","Frequency~1000Genomes~ESP~Phenotype_or_Disease~ExAC~TOPMed~gnomAD","synonymous variant","L",100,"ENST00000508895.5"
"122","4:89822254","rs138969470","C","A/C/G","SNP","Frequency~1000Genomes~ESP~Phenotype_or_Disease~ExAC~TOPMed~gnomAD","missense variant","L/V",100,"ENST00000673718.1"
"123","4:89822254","rs138969470","G","A/C/G","SNP","Frequency~1000Genomes~ESP~Phenotype_or_Disease~ExAC~TOPMed~gnomAD","synonymous variant","L",100,"ENST00000673718.1"
"124","4:89822254","rs138969470","C","A/C/G","SNP","Frequency~1000Genomes~ESP~Phenotype_or_Disease~ExAC~TOPMed~gnomAD","missense variant","L/V",100,"ENST00000673902.1"
"125","4:89822254","rs138969470","G","A/C/G","SNP","Frequency~1000Genomes~ESP~Phenotype_or_Disease~ExAC~TOPMed~gnomAD","synonymous variant","L",100,"ENST00000673902.1"
"126","4:89822254","rs138969470","C","A/C/G","SNP","Frequency~1000Genomes~ESP~Phenotype_or_Disease~ExAC~TOPMed~gnomAD","missense variant","L/V",100,"ENST00000674129.1"
"127","4:89822254","rs138969470","G","A/C/G","SNP","Frequency~1000Genomes~ESP~Phenotype_or_Disease~ExAC~TOPMed~gnomAD","synonymous variant","L",100,"ENST00000674129.1"
"128","4:89729235","rs145138372","A","G/A/T","SNP","Frequency~1000Genomes~Cited~ESP~Phenotype_or_Disease~ExAC~TOPMed~gnomAD","missense variant","P/S",103,"ENST00000394989.6"
"129","4:89729235","rs145138372","T","G/A/T","SNP","Frequency~1000Genomes~Cited~ESP~Phenotype_or_Disease~ExAC~TOPMed~gnomAD","missense variant","P/T",103,"ENST00000394989.6"
"130","4:89729235","rs145138372","A","G/A/T","SNP","Frequency~1000Genomes~Cited~ESP~Phenotype_or_Disease~ExAC~TOPMed~gnomAD","missense variant","P/S",103,"ENST00000505199.5"
"131","4:89729235","rs145138372","T","G/A/T","SNP","Frequency~1000Genomes~Cited~ESP~Phenotype_or_Disease~ExAC~TOPMed~gnomAD","missense variant","P/T",103,"ENST00000505199.5"
"132","4:89729235","rs145138372","A","G/A/T","SNP","Frequency~1000Genomes~Cited~ESP~Phenotype_or_Disease~ExAC~TOPMed~gnomAD","missense variant","P/S",103,"ENST00000618500.4"
"133","4:89729235","rs145138372","T","G/A/T","SNP","Frequency~1000Genomes~Cited~ESP~Phenotype_or_Disease~ExAC~TOPMed~gnomAD","missense variant","P/T",103,"ENST00000618500.4"
"134","4:89726643","rs76642636","A","G/A","SNP","Frequency~1000Genomes~Cited~ESP~Phenotype_or_Disease~ExAC~TOPMed~gnomAD","synonymous variant","Y",108,"ENST00000345009.8"
"135","4:89726643","rs76642636","A","G/A","SNP","Frequency~1000Genomes~Cited~ESP~Phenotype_or_Disease~ExAC~TOPMed~gnomAD","synonymous variant","Y",108,"ENST00000420646.6"
"136","4:89729217","rs200056149","T","C/T","SNP","Frequency~1000Genomes~gnomAD","missense variant","E/K",109,"ENST00000394989.6"
"137","4:89729217","rs200056149","T","C/T","SNP","Frequency~1000Genomes~gnomAD","missense variant","E/K",109,"ENST00000505199.5"
"138","4:89729217","rs200056149","T","C/T","SNP","Frequency~1000Genomes~gnomAD","missense variant","E/K",109,"ENST00000618500.4"
"139","4:89729203","rs191055637","T","C/T","SNP","Frequency~1000Genomes~Cited~ESP~ExAC~TOPMed~gnomAD","missense variant","M/I",113,"ENST00000394989.6"
"140","4:89729203","rs191055637","T","C/T","SNP","Frequency~1000Genomes~Cited~ESP~ExAC~TOPMed~gnomAD","missense variant","M/I",113,"ENST00000505199.5"
"141","4:89729203","rs191055637","T","C/T","SNP","Frequency~1000Genomes~Cited~ESP~ExAC~TOPMed~gnomAD","missense variant","M/I",113,"ENST00000618500.4"
"142","4:89729235","rs145138372","A","G/A/T","SNP","Frequency~1000Genomes~Cited~ESP~Phenotype_or_Disease~ExAC~TOPMed~gnomAD","missense variant","P/S",117,"ENST00000336904.7"
"143","4:89729235","rs145138372","T","G/A/T","SNP","Frequency~1000Genomes~Cited~ESP~Phenotype_or_Disease~ExAC~TOPMed~gnomAD","missense variant","P/T",117,"ENST00000336904.7"
"144","4:89729235","rs145138372","A","G/A/T","SNP","Frequency~1000Genomes~Cited~ESP~Phenotype_or_Disease~ExAC~TOPMed~gnomAD","missense variant","P/S",117,"ENST00000394986.5"
"145","4:89729235","rs145138372","T","G/A/T","SNP","Frequency~1000Genomes~Cited~ESP~Phenotype_or_Disease~ExAC~TOPMed~gnomAD","missense variant","P/T",117,"ENST00000394986.5"
"146","4:89729235","rs145138372","A","G/A/T","SNP","Frequency~1000Genomes~Cited~ESP~Phenotype_or_Disease~ExAC~TOPMed~gnomAD","missense variant","P/S",117,"ENST00000394991.8"
"147","4:89729235","rs145138372","T","G/A/T","SNP","Frequency~1000Genomes~Cited~ESP~Phenotype_or_Disease~ExAC~TOPMed~gnomAD","missense variant","P/T",117,"ENST00000394991.8"
"148","4:89729235","rs145138372","A","G/A/T","SNP","Frequency~1000Genomes~Cited~ESP~Phenotype_or_Disease~ExAC~TOPMed~gnomAD","missense variant","P/S",117,"ENST00000506244.5"
"149","4:89729235","rs145138372","T","G/A/T","SNP","Frequency~1000Genomes~Cited~ESP~Phenotype_or_Disease~ExAC~TOPMed~gnomAD","missense variant","P/T",117,"ENST00000506244.5"
"150","4:89729235","rs145138372","A","G/A/T","SNP","Frequency~1000Genomes~Cited~ESP~Phenotype_or_Disease~ExAC~TOPMed~gnomAD","missense variant","P/S",117,"ENST00000508895.5"
"151","4:89729235","rs145138372","T","G/A/T","SNP","Frequency~1000Genomes~Cited~ESP~Phenotype_or_Disease~ExAC~TOPMed~gnomAD","missense variant","P/T",117,"ENST00000508895.5"
"152","4:89729235","rs145138372","A","G/A/T","SNP","Frequency~1000Genomes~Cited~ESP~Phenotype_or_Disease~ExAC~TOPMed~gnomAD","missense variant","P/S",117,"ENST00000673718.1"
"153","4:89729235","rs145138372","T","G/A/T","SNP","Frequency~1000Genomes~Cited~ESP~Phenotype_or_Disease~ExAC~TOPMed~gnomAD","missense variant","P/T",117,"ENST00000673718.1"
"154","4:89729235","rs145138372","A","G/A/T","SNP","Frequency~1000Genomes~Cited~ESP~Phenotype_or_Disease~ExAC~TOPMed~gnomAD","missense variant","P/S",117,"ENST00000673902.1"
"155","4:89729235","rs145138372","T","G/A/T","SNP","Frequency~1000Genomes~Cited~ESP~Phenotype_or_Disease~ExAC~TOPMed~gnomAD","missense variant","P/T",117,"ENST00000673902.1"
"156","4:89758869","rs77141123","A","C/A","SNP","Frequency~1000Genomes~TOPMed~gnomAD","missense variant","D/Y",118,"ENST00000674129.1"
"157","4:89726643","rs76642636","A","G/A","SNP","Frequency~1000Genomes~Cited~ESP~Phenotype_or_Disease~ExAC~TOPMed~gnomAD","synonymous variant","Y",122,"ENST00000394989.6"
"158","4:89726643","rs76642636","A","G/A","SNP","Frequency~1000Genomes~Cited~ESP~Phenotype_or_Disease~ExAC~TOPMed~gnomAD","synonymous variant","Y",122,"ENST00000505199.5"
"159","4:89726643","rs76642636","A","G/A","SNP","Frequency~1000Genomes~Cited~ESP~Phenotype_or_Disease~ExAC~TOPMed~gnomAD","synonymous variant","Y",122,"ENST00000618500.4"
"160","4:89729217","rs200056149","T","C/T","SNP","Frequency~1000Genomes~gnomAD","missense variant","E/K",123,"ENST00000336904.7"
"161","4:89729217","rs200056149","T","C/T","SNP","Frequency~1000Genomes~gnomAD","missense variant","E/K",123,"ENST00000394986.5"
"162","4:89729217","rs200056149","T","C/T","SNP","Frequency~1000Genomes~gnomAD","missense variant","E/K",123,"ENST00000394991.8"
"163","4:89729217","rs200056149","T","C/T","SNP","Frequency~1000Genomes~gnomAD","missense variant","E/K",123,"ENST00000506244.5"
"164","4:89729217","rs200056149","T","C/T","SNP","Frequency~1000Genomes~gnomAD","missense variant","E/K",123,"ENST00000508895.5"
"165","4:89729217","rs200056149","T","C/T","SNP","Frequency~1000Genomes~gnomAD","missense variant","E/K",123,"ENST00000673718.1"
"166","4:89729217","rs200056149","T","C/T","SNP","Frequency~1000Genomes~gnomAD","missense variant","E/K",123,"ENST00000673902.1"
"167","4:89729203","rs191055637","T","C/T","SNP","Frequency~1000Genomes~Cited~ESP~ExAC~TOPMed~gnomAD","missense variant","M/I",127,"ENST00000336904.7"
"168","4:89729203","rs191055637","T","C/T","SNP","Frequency~1000Genomes~Cited~ESP~ExAC~TOPMed~gnomAD","missense variant","M/I",127,"ENST00000394986.5"
"169","4:89729203","rs191055637","T","C/T","SNP","Frequency~1000Genomes~Cited~ESP~ExAC~TOPMed~gnomAD","missense variant","M/I",127,"ENST00000394991.8"
"170","4:89729203","rs191055637","T","C/T","SNP","Frequency~1000Genomes~Cited~ESP~ExAC~TOPMed~gnomAD","missense variant","M/I",127,"ENST00000506244.5"
"171","4:89729203","rs191055637","T","C/T","SNP","Frequency~1000Genomes~Cited~ESP~ExAC~TOPMed~gnomAD","missense variant","M/I",127,"ENST00000508895.5"
"172","4:89729203","rs191055637","T","C/T","SNP","Frequency~1000Genomes~Cited~ESP~ExAC~TOPMed~gnomAD","missense variant","M/I",127,"ENST00000673718.1"
"173","4:89729203","rs191055637","T","C/T","SNP","Frequency~1000Genomes~Cited~ESP~ExAC~TOPMed~gnomAD","missense variant","M/I",127,"ENST00000673902.1"
"174","4:89726643","rs76642636","A","G/A","SNP","Frequency~1000Genomes~Cited~ESP~Phenotype_or_Disease~ExAC~TOPMed~gnomAD","synonymous variant","Y",136,"ENST00000336904.7"
"175","4:89726643","rs76642636","A","G/A","SNP","Frequency~1000Genomes~Cited~ESP~Phenotype_or_Disease~ExAC~TOPMed~gnomAD","synonymous variant","Y",136,"ENST00000394986.5"
"176","4:89726643","rs76642636","A","G/A","SNP","Frequency~1000Genomes~Cited~ESP~Phenotype_or_Disease~ExAC~TOPMed~gnomAD","synonymous variant","Y",136,"ENST00000394991.8"
"177","4:89726643","rs76642636","A","G/A","SNP","Frequency~1000Genomes~Cited~ESP~Phenotype_or_Disease~ExAC~TOPMed~gnomAD","synonymous variant","Y",136,"ENST00000506244.5"
"178","4:89726643","rs76642636","A","G/A","SNP","Frequency~1000Genomes~Cited~ESP~Phenotype_or_Disease~ExAC~TOPMed~gnomAD","synonymous variant","Y",136,"ENST00000508895.5"
"179","4:89726643","rs76642636","A","G/A","SNP","Frequency~1000Genomes~Cited~ESP~Phenotype_or_Disease~ExAC~TOPMed~gnomAD","synonymous variant","Y",136,"ENST00000673718.1"
"180","4:89729235","rs145138372","A","G/A/T","SNP","Frequency~1000Genomes~Cited~ESP~Phenotype_or_Disease~ExAC~TOPMed~gnomAD","missense variant","P/S",136,"ENST00000674129.1"
"181","4:89729235","rs145138372","T","G/A/T","SNP","Frequency~1000Genomes~Cited~ESP~Phenotype_or_Disease~ExAC~TOPMed~gnomAD","missense variant","P/T",136,"ENST00000674129.1"
